-- MySQL dump 10.13  Distrib 5.7.31, for Win64 (x86_64)
--
-- Host: localhost    Database: projeto1
-- ------------------------------------------------------
-- Server version	5.5.5-10.1.31-MariaDB

/*!40101 SET @OLD_CHARACTER_SET_CLIENT=@@CHARACTER_SET_CLIENT */;
/*!40101 SET @OLD_CHARACTER_SET_RESULTS=@@CHARACTER_SET_RESULTS */;
/*!40101 SET @OLD_COLLATION_CONNECTION=@@COLLATION_CONNECTION */;
/*!40101 SET NAMES utf8 */;
/*!40103 SET @OLD_TIME_ZONE=@@TIME_ZONE */;
/*!40103 SET TIME_ZONE='+00:00' */;
/*!40014 SET @OLD_UNIQUE_CHECKS=@@UNIQUE_CHECKS, UNIQUE_CHECKS=0 */;
/*!40014 SET @OLD_FOREIGN_KEY_CHECKS=@@FOREIGN_KEY_CHECKS, FOREIGN_KEY_CHECKS=0 */;
/*!40101 SET @OLD_SQL_MODE=@@SQL_MODE, SQL_MODE='NO_AUTO_VALUE_ON_ZERO' */;
/*!40111 SET @OLD_SQL_NOTES=@@SQL_NOTES, SQL_NOTES=0 */;

--
-- Table structure for table `carro`
--

DROP TABLE IF EXISTS `carro`;
/*!40101 SET @saved_cs_client     = @@character_set_client */;
/*!40101 SET character_set_client = utf8 */;
CREATE TABLE `carro` (
  `placa` varchar(7) NOT NULL,
  `modelo` varchar(20) DEFAULT NULL,
  `cor` varchar(20) DEFAULT NULL,
  `ano` year(4) DEFAULT NULL,
  `marca` varchar(30) DEFAULT NULL,
  `idEmpresa` int(11) DEFAULT NULL,
  PRIMARY KEY (`placa`),
  KEY `carro_ibfk_1` (`idEmpresa`),
  CONSTRAINT `carro_ibfk_1` FOREIGN KEY (`idEmpresa`) REFERENCES `companhia` (`id`) ON DELETE CASCADE
) ENGINE=InnoDB DEFAULT CHARSET=utf8;
/*!40101 SET character_set_client = @saved_cs_client */;

--
-- Dumping data for table `carro`
--

LOCK TABLES `carro` WRITE;
/*!40000 ALTER TABLE `carro` DISABLE KEYS */;
INSERT INTO `carro` VALUES ('0','0','0',2000,'0',111),('CQO2337','Logan','Prata',2012,'Renault',109),('JKL5478','Uno','Branco',2019,'Fiat',110);
/*!40000 ALTER TABLE `carro` ENABLE KEYS */;
UNLOCK TABLES;

--
-- Table structure for table `clientes`
--

DROP TABLE IF EXISTS `clientes`;
/*!40101 SET @saved_cs_client     = @@character_set_client */;
/*!40101 SET character_set_client = utf8 */;
CREATE TABLE `clientes` (
  `CPF` varchar(11) DEFAULT NULL,
  `CNH` varchar(11) DEFAULT NULL,
  `nome` varchar(30) DEFAULT NULL,
  `Fone` varchar(13) DEFAULT NULL,
  `idEmpresa` int(11) DEFAULT NULL,
  `id` int(11) NOT NULL AUTO_INCREMENT,
  PRIMARY KEY (`id`),
  KEY `idEmpresa` (`idEmpresa`),
  CONSTRAINT `clientes_ibfk_1` FOREIGN KEY (`idEmpresa`) REFERENCES `companhia` (`id`) ON DELETE CASCADE
) ENGINE=InnoDB AUTO_INCREMENT=10 DEFAULT CHARSET=latin1;
/*!40101 SET character_set_client = @saved_cs_client */;

--
-- Dumping data for table `clientes`
--

LOCK TABLES `clientes` WRITE;
/*!40000 ALTER TABLE `clientes` DISABLE KEYS */;
INSERT INTO `clientes` VALUES ('39014892370','06952147853','João Pereira','19989612037',109,7),('41825341413','05497641234','Felipe','19997145291',110,8),('00000000000','00000000000','Teste01','000000',111,9);
/*!40000 ALTER TABLE `clientes` ENABLE KEYS */;
UNLOCK TABLES;

--
-- Table structure for table `companhia`
--

DROP TABLE IF EXISTS `companhia`;
/*!40101 SET @saved_cs_client     = @@character_set_client */;
/*!40101 SET character_set_client = utf8 */;
CREATE TABLE `companhia` (
  `cnpj` varchar(14) NOT NULL,
  `nomeemp` varchar(30) DEFAULT NULL,
  `foneemp` varchar(13) DEFAULT NULL,
  `nomeFantasia` varchar(30) DEFAULT NULL,
  `id` int(11) NOT NULL AUTO_INCREMENT,
  PRIMARY KEY (`id`)
) ENGINE=InnoDB AUTO_INCREMENT=112 DEFAULT CHARSET=utf8;
/*!40101 SET character_set_client = @saved_cs_client */;

--
-- Dumping data for table `companhia`
--

LOCK TABLES `companhia` WRITE;
/*!40000 ALTER TABLE `companhia` DISABLE KEYS */;
INSERT INTO `companhia` VALUES ('02347800011','Katargo Empreendimentos','35497821','Katargo',109),('00125800001','Nil Alimentos e bebidas ltda','35481200','Nil food',110),('0','0','0','0',111);
/*!40000 ALTER TABLE `companhia` ENABLE KEYS */;
UNLOCK TABLES;

--
-- Table structure for table `endereco`
--

DROP TABLE IF EXISTS `endereco`;
/*!40101 SET @saved_cs_client     = @@character_set_client */;
/*!40101 SET character_set_client = utf8 */;
CREATE TABLE `endereco` (
  `cep` varchar(8) NOT NULL,
  `rua` varchar(20) DEFAULT NULL,
  `num` varchar(4) DEFAULT NULL,
  `bairro` varchar(20) DEFAULT NULL,
  `cidade` varchar(20) DEFAULT NULL,
  `estado` varchar(20) DEFAULT NULL,
  `id` int(11) NOT NULL AUTO_INCREMENT,
  `idCliente` int(11) DEFAULT NULL,
  PRIMARY KEY (`id`),
  KEY `idCliente` (`idCliente`),
  CONSTRAINT `endereco_ibfk_1` FOREIGN KEY (`idCliente`) REFERENCES `clientes` (`id`) ON DELETE CASCADE
) ENGINE=InnoDB AUTO_INCREMENT=17 DEFAULT CHARSET=utf8;
/*!40101 SET character_set_client = @saved_cs_client */;

--
-- Dumping data for table `endereco`
--

LOCK TABLES `endereco` WRITE;
/*!40000 ALTER TABLE `endereco` DISABLE KEYS */;
INSERT INTO `endereco` VALUES ('13603138','Consolação','78','Blevedere','Araras','São Paulo',14,7),('13602115','Vitória Régia ','122','Nova Olinda','Araras','São Paulo',15,8),('00','0','0','0','0','0',16,9);
/*!40000 ALTER TABLE `endereco` ENABLE KEYS */;
UNLOCK TABLES;

--
-- Table structure for table `enderecocomp`
--

DROP TABLE IF EXISTS `enderecocomp`;
/*!40101 SET @saved_cs_client     = @@character_set_client */;
/*!40101 SET character_set_client = utf8 */;
CREATE TABLE `enderecocomp` (
  `cep` varchar(8) DEFAULT NULL,
  `rua` varchar(20) DEFAULT NULL,
  `num` int(4) DEFAULT NULL,
  `bairro` varchar(20) DEFAULT NULL,
  `cidade` varchar(20) DEFAULT NULL,
  `estado` varchar(20) DEFAULT NULL,
  `id` int(11) NOT NULL AUTO_INCREMENT,
  `idEmpresa` int(11) DEFAULT NULL,
  PRIMARY KEY (`id`),
  KEY `enderecocomp_ibfk_2` (`idEmpresa`),
  CONSTRAINT `enderecocomp_ibfk_1` FOREIGN KEY (`idEmpresa`) REFERENCES `companhia` (`id`) ON DELETE CASCADE,
  CONSTRAINT `enderecocomp_ibfk_2` FOREIGN KEY (`idEmpresa`) REFERENCES `companhia` (`id`) ON DELETE CASCADE
) ENGINE=InnoDB AUTO_INCREMENT=60 DEFAULT CHARSET=latin1;
/*!40101 SET character_set_client = @saved_cs_client */;

--
-- Dumping data for table `enderecocomp`
--

LOCK TABLES `enderecocomp` WRITE;
/*!40000 ALTER TABLE `enderecocomp` DISABLE KEYS */;
INSERT INTO `enderecocomp` VALUES ('13605130','Hélio Figueira',132,'Sobradinho','Araras','São paulo',57,109),('13603220','Vicente Carmin',158,'Distrito Industrial','Araras','São Paulo',58,110),('0','0',0,'0','0','0',59,111);
/*!40000 ALTER TABLE `enderecocomp` ENABLE KEYS */;
UNLOCK TABLES;

--
-- Table structure for table `usuario`
--

DROP TABLE IF EXISTS `usuario`;
/*!40101 SET @saved_cs_client     = @@character_set_client */;
/*!40101 SET character_set_client = utf8 */;
CREATE TABLE `usuario` (
  `id` int(20) NOT NULL AUTO_INCREMENT,
  `nome` varchar(30) DEFAULT NULL,
  `email` varchar(40) DEFAULT NULL,
  `senha` varchar(8) DEFAULT NULL,
  `admi` tinyint(1) DEFAULT '0',
  PRIMARY KEY (`id`)
) ENGINE=InnoDB AUTO_INCREMENT=21 DEFAULT CHARSET=latin1;
/*!40101 SET character_set_client = @saved_cs_client */;

--
-- Dumping data for table `usuario`
--

LOCK TABLES `usuario` WRITE;
/*!40000 ALTER TABLE `usuario` DISABLE KEYS */;
INSERT INTO `usuario` VALUES (1,'Administrador','Adminstrador@gmail.com','admin',1),(2,'Fiscal#01','User@gmail.com','usuario',0);
/*!40000 ALTER TABLE `usuario` ENABLE KEYS */;
UNLOCK TABLES;
/*!40103 SET TIME_ZONE=@OLD_TIME_ZONE */;

/*!40101 SET SQL_MODE=@OLD_SQL_MODE */;
/*!40014 SET FOREIGN_KEY_CHECKS=@OLD_FOREIGN_KEY_CHECKS */;
/*!40014 SET UNIQUE_CHECKS=@OLD_UNIQUE_CHECKS */;
/*!40101 SET CHARACTER_SET_CLIENT=@OLD_CHARACTER_SET_CLIENT */;
/*!40101 SET CHARACTER_SET_RESULTS=@OLD_CHARACTER_SET_RESULTS */;
/*!40101 SET COLLATION_CONNECTION=@OLD_COLLATION_CONNECTION */;
/*!40111 SET SQL_NOTES=@OLD_SQL_NOTES */;

-- Dump completed on 2020-08-24 14:14:52
